Email,Password
admin@aswigsolutions.com,password
M.DSCTG@INOHQWCYWRLCKDV.HKY.GD,password
X.KWZJVFPX@UFWYTGNXFMLUOTW.XHO.YF,password
X.DFWSGD@IFGVLTRMGVIIKWB.FBF.UP,password
K.IBCKWY@TXQCSVMXYHDRPPE.JQG.CJ,password
C.NCYXLG@TJNDXFCMTSPOIDB.ZMU.ME,password
T.BYJRQDW@OOFGAWMUSUHSGMF.BWT.LG,password
T.KEXSE@PWPSTBPUQGVKGJZ.DTJ.XL,password
Y.HTRICMQW@NOFPWIDXNTYEWOZ.HVY.PZ,password
P.SWDZDO@NIGEZNVKXJOVRTW.KRN.XP,password
M.ORP@IGUFWOKVBLCEGTW.NIL.WZ,password
S.BXZBN@DSMWEBTQSXCMFNAZIHFT.KPA.MF,password
X.XFGDL@FKIYONZMHJMHEH.WQY,password
S.FU@UXFCUOTIBGAIDFB.PIG.LJ,password
B.PFVU@YWEASHVXFZEYNQT.DSA.XH,password
N.COCAHGL@GLMXETUPCMYMCLTTLBRS.KYQ.IU,password
B.VWOO@YVKQNUTFIGMPNOH.UPJ.MM,password
L.NJGVFQL@ICDUVRJTOOMBNXZ.JDJ.LZ,password
T.STXUYIM@RHFNQWUTDLWUHXK.FNC.RI,password
D.WYQQNRTKSX@ZCWVLSVHVEMSNEF.BLP.WU,password
T.SRS@LSNTPMMGMUEVVQL.JYC.HH,password
L.LBMEOF@SIFFPNCPJTICKHN.NQW.LR,password
O.PXTJBXOWQ@ECQRDBXVXFYSKFY.DNQ.PA,password
C.FFDXG@BPYXIPLMGPNYPNX.TRN.JF,password
F.NLOBRM@EQNGBYVJFJMCSYI.ZWO.OD,password
IFK.VEJC@QIFMDBQLOJVFBHESVKMX.FKQ.HR,password
V.MXPDXDB@DROMOVOCGKXWHBG.LZY.PE,password
K.HSVWO@CXHFVCAJKHNSFZS.RQV.BE,password
E.BYZKB@CCGYSPCGKTMPJOHDB.BHU.RR,password
L.RPWMMQQ@BQISQLVUMFWMXFINI.FFU.KA,password
V.KYRNCO@APJEKVLIVTVLQTF.RKU.TA,password
R.WUVCFI@XYTFZBCHIJRGXKT.MUK.OU,password
I.LFG@OSLXYIBXQCWNUFG.LLL.HB,password
L.WDID@FUMGORPJMBXXFEB.WFM.ML,password
K.REWDDKWM@ZHYUKPNONTJUOKF.ZYJ.XO,password
J.MCVTR@UIGQMJSEUIQQBKW.WPL.BO,password
D.DFBZYTYXCE@MPWGNRQTQPYHFNH.DKT.DH,password
U.SYKDFGJ@VBBNONVLXXKTGNC.BES.QC,password
R.VUUGMYTQL@YVFJNFPGAGETFYN.NEV.CJ,password
H.XIHCVL@ZTWEMCXNCERXPMI.IBK.DM,password
QOIEKF.DNRPRWDQ@BMGJTKEHORRRWYJ.EAS.YA,password
M.QFDDNIAL@DKBDOKFWICBMVJJ.GQJ.SF,password
P.MDVDLCR@ISOHPDOAOVCHVRZ.CJQ.NG,password
N.GYBDUCL@PHZDJCLHTJXBEKW.FDF.KS,password
S.HSEBRKE@PTOMZJLSYQCDHB.LOH,password
X.JTWO@HFOAVEISUMIKYQJ.GLK.EI,password
N.HBSQIH@IRCWKZYTXFPQQGI.NLI.AF,password
S.UBJYTHOQE@QCDLDWDMGBONUAE.QLL.KN,password
V.CFCY@OLHXJTWWXBLJAER.LIV.SE,password
B.CQHSJLNM@OERXRSKTGKCQGRA.QQW.PW,password
I.YQSWK@ZJXCBUZPJRDKDOB.NBJ.KU,password
M.GJMCTMXVU@NJFCJPTFABOJGMV.YOD.DG,password
B.ENTWSFAO@LMCOPEQZDJFLRIB.MLE.VC,password
U.AYDWGE@JSMKBHPVTLVJMNH.IDM.SW,password
M.YGPRE@IFDKFRCYJLGFBIT.XIK.VH,password
U.IAHKB@RBETLITNUFXIQVG.NOF.SV,password
R.WOGLQCK@ZTFFVUELCKNLVGZ.DNG.II,password
A.VFOCFJSU@CJCWKTNCNBMCFRD.XCV.ZS,password
K.IBKLBLX@CTQPQIMMQKKPLUQ.XFW.AU,password
P.EVXVDKK@BTEUNCGOGWRQWSJ.XDQ.MS,password
B.MFCW-ZELC@WJIZJWBVPFAEOZG.ESV.LD,password
K.DRDXI@XTOEPOYVKGTQRNE.EEY.FI,password
V.TBURDBC@MKCUAPEYQFSZOCV.SXD.EC,password
W.BTASYN@ETUGTFURQLGIFXK.UNR.HT,password
M.KJOGG@QHBAPSUHRSWIFUT.CDV.NP,password
R.BQVKMI@JXFOIRBAQLBBTVJ.YOO.IJ,password
U.PQUVQ@NBJSWPXICIVIMWN.DJD.AQ,password
O.ECYVOQFIC@MKMZOGIEPTTTEYE.JST.BR,password
U.YEUI@OYIXKUPUGMILEQN.OAX.LI,password
U.LVQGCFHWM@NBVEEYOLBNWIYHI.WDC.HQ,password
M.KSYGCEC@XMRSTADKBKYRCES.RLE.JA,password
V.TFGHD@AUFJBBMEDMPWITG.JYP.TX,password
C.RIOUPJ@NXAYTFRBEGDYWXC.POM.FZ,password
F.PSZZLWB@AXFTDLYUJQFBTNJ.XTL.FM,password
E.VNPGJPBZG@UXRIMSEDRSKLFIQ.OJX.LR,password
C.SGPRGF@CSPTSPYDNZRDGUO.CXR.PU,password
R.XNRBRQ@LUSNNQHBCMWGXWP.CBR.FO,password
Y.NSUNWY@RNLMXBBGFPXNRKE.RGD.XP,password
N.KTRBJU@HSAYFERHYXDKGPM.EYD.EB,password
C.NNRNXL@QDDLSLFMGLGXCFV.WYO.EX,password
L.QOIMFW@RIIHFXGRCDVIDYR.OVJ.HG,password
X.VZLTPY@YXLJQBJOGTRTIBO.MSM.GR,password
C.SIJCFDCJ@OWXHPNKEGJMXJPJ.JKC.KL,password
O.WVLBBYB@UGYSOCTDZNQBKSX.LMF.SM,password
N.MODLR@RUQOJIYBOIOBSBB.NNI.IV,password
Y.JTIQTBR@NLFCODHUFUHEGWP.QWI.PY,password
F.JRRW@JTRXHMLKDIMHJUZHJWD.LPP.PN,password
D.WUCGNF@IVZBYLPKSGSEEHB.JHK.ZR,password
C.MEQGNGHC@NXGGAPNLIGRBYHE.FEK.MY,password
J.RBIVOTGJG@VJRJJJTBRMKCMST.XSJ.LP,password
U.RPID@KUFSUWNCGYOHKBF.KIM.BU,password
Y.GLWCI@LLCBHJDYRWLUBJG.HWW.JP,password
M.RNLOHTRNH@EHRIFHFPFCFMSQO.GZT.VG,password
V.RJESL@HYXUDXQQHBTNTZF.BKF.UL,password
N.SYPUKOT@CYVLHPBOTFKLFJV.KDC.SX,password
O.TWNGUZGSXL@UXXIXLIBKGEJNOG.LWT.JS,password
T.WKIYHKMZ@DEGLLKILUJYGXLNOJ.PPE.DN,password
L.UXPFLYBX@MXWMYQQMDKZOIAC.QND.KG,password
H.UNEI-CXNYOA@JFCGQGXWMHHDXWE.UJI.NU,password
